,mort,GDPc,clusters,index,res,Country,ISO-code
0,35.86,2182.0,0,0.09350667635194129,0.006309999033182023,Afghanistan,AFG
1,7.52,14866.0,1,0.48730730989915144,0.008224524370841127,Albania,ALB
2,16.28,16091.0,3,0.36579521415419713,0.08814604358984482,Algeria,DZA
3,27.57,6763.0,0,0.20618266106316258,0.027531652643179128,Angola,AGO
4,3.65,30593.0,1,0.5855639891596331,0.00255012844975012,Antigua and Barbuda,ATG
5,6.08,19971.0,1,0.5215113828239939,0.014133869358905737,Argentina,ARG
6,6.4,11845.0,1,0.4892723282014861,0.029563551280158498,Armenia,ARM
7,2.28,54799.0,2,0.7095547132314457,0.0037113611135952355,Australia,AUS
8,2.06,55171.0,2,0.711667862127796,0.008663122658840828,Austria,AUT
9,10.89,19156.0,1,0.4533583184309647,0.08287726323943966,Azerbaijan,AZE
10,2.94,51991.0,2,0.6945921471803284,0.009798419801827067,Bahrain,BHR
11,19.06,5453.0,3,0.3205614022819576,0.001791754371438338,Bangladesh,BGD
12,8.37,19364.0,1,0.49442505316952573,0.052018314928606035,Barbados,BRB
13,1.21,21224.0,1,0.5538650282727062,0.08381526728617081,Belarus,BLR
14,2.0,50904.0,2,0.6902630031390262,0.013361528638194812,Belgium,BEL
15,8.14,8791.0,1,0.4644007500050672,0.029319886012180562,Belize,BLZ
16,30.56,3648.0,0,0.165154101568998,0.002708366787603697,Benin,BEN
17,16.57,10627.0,3,0.3575006949226085,0.04075288710039994,Bhutan,BTN
18,14.56,8525.0,3,0.3831935259802639,0.014629604446873268,Bolivia,BOL
19,4.22,14894.0,1,0.5156720720085394,0.04832651145717639,Bosnia and Herzegovina,BIH
20,17.92,19388.0,3,0.34458056997930936,0.12270216404561368,Botswana,BWA
21,7.87,17106.0,1,0.49127268883486147,0.028986979233111318,Brazil,BRA
22,3.33,26034.0,1,0.5651677731203146,0.021526320037242398,Bulgaria,BGR
23,25.94,2181.0,0,0.22697835712475364,0.015378207517346771,Burkina Faso,BFA
24,20.97,724.0,3,0.2929109606419858,0.036219854064272444,Burundi,BDI
25,14.49,5004.0,3,0.3809689665775045,0.016682124427844874,Cambodia,KHM
26,26.08,4099.0,0,0.22561268089835695,0.0019409880919932423,Cameroon,CMR
27,3.33,52144.0,2,0.6948949000027662,0.019162943424387607,Canada,CAN
28,39.73,864.0,0,0.04121526387106228,0.015816790910185747,Central African Republic,CAF
29,33.26,2603.0,0,0.1285928472408447,0.004385406388189773,Chad,TCD
30,4.56,27150.0,1,0.5651611062016324,0.009396091742729798,Chile,CHL
31,3.86,20984.0,1,0.5405564185611681,0.027084064386874652,China,CHN
32,7.48,16265.0,1,0.49260898323068547,0.017221921294576344,Colombia,COL
33,29.82,2898.0,0,0.1749724178603967,0.004689630215991532,Comoros,COM
34,19.31,7336.0,3,0.31815342542230574,0.019156000289830073,Republic of the Congo,COG
35,6.16,18651.0,1,0.5151041416569029,0.008769961905458472,Costa Rica,CRI
36,2.91,29207.0,1,0.5814450822669635,0.02276376365224403,Croatia,HRV
37,2.18,8822.0,1,0.5106207564048386,0.12011173376167926,Cuba,CUB
38,1.32,42956.0,2,0.6517124868319841,0.03719588096146355,Cyprus,CYP
39,1.63,40585.0,2,0.6395341758182791,0.032752237706595744,Czech Republic,CZE
42,27.41,873.0,0,0.20691727004220753,0.025305855862147106,Democratic Republic of the Congo,COD
43,3.0,55675.0,2,0.713218295459264,0.013987828507474131,Denmark,DNK
44,30.51,5855.0,0,0.16625865455891511,0.02240106023036445,Djibouti,DJI
45,19.37,20625.0,3,0.3244390471543918,0.13762206135793897,Dominican Republic,DOM
46,7.06,11866.0,1,0.483072936684457,0.01974009176795669,Ecuador,ECU
47,11.14,14800.0,1,0.43913473982457113,0.048946487798144235,Egypt,EGY
48,6.56,8593.0,1,0.4794718437261604,0.0504820055171143,El Salvador,SLV
49,29.01,19961.0,0,0.189627722890822,0.14708816300230226,Equatorial Guinea,GNQ
50,17.82,1103.0,3,0.3346771925416518,0.04008061183350411,Eritrea,ERI
51,1.06,37606.0,2,0.6262388898085995,0.05021431609468837,Estonia,EST
52,18.43,11139.0,3,0.3322214836492345,0.05080499717510546,Eswatini,SWZ
53,27.62,2702.0,0,0.20453432780211991,0.008717986442720586,Ethiopia,ETH
54,10.84,12689.0,1,0.4392834677610963,0.028750865409155137,Fiji,FJI
55,1.39,49548.0,2,0.6842523848037199,0.02896257392919689,Finland,FIN
56,2.65,48640.0,2,0.6780170154020395,5.646932861459531e-05,France,FRA
57,20.25,19839.0,3,0.311453266892522,0.1326975572427388,Gabon,GAB
58,4.88,13200.0,1,0.5057033979375429,0.045856879082086,Georgia,GEO
59,2.27,55306.0,2,0.7121254344343227,0.0035867502480913895,Germany,DEU
60,23.13,7343.0,3,0.2664321640906902,0.026701634908045307,Ghana,GHA
61,2.26,31616.0,1,0.594823987893812,0.032478182208999395,Greece,GRC
62,11.0,17434.0,1,0.44702569642485557,0.06974553305348868,Grenada,GRD
63,12.17,9009.0,1,0.4156635497525393,0.006669418275719164,Guatemala,GTM
64,30.37,2574.0,0,0.1675034837346579,0.007070925578608716,Guinea,GIN
65,30.37,2574.0,0,0.1675034837346579,0.007070925578608716,Guinea,GIN
66,30.37,2574.0,0,0.1675034837346579,0.007070925578608716,Guinea,GIN
67,30.37,2574.0,0,0.1675034837346579,0.007070925578608716,Guinea,GIN
68,30.37,2574.0,0,0.1675034837346579,0.007070925578608716,Guinea,GIN
69,30.37,2574.0,0,0.1675034837346579,0.007070925578608716,Guinea,GIN
70,30.37,2574.0,0,0.1675034837346579,0.007070925578608716,Guinea,GIN
71,30.37,2574.0,0,0.1675034837346579,0.007070925578608716,Guinea,GIN
72,30.37,2113.0,0,0.16741307889401985,0.011193833039160881,Guinea,GIN
73,30.37,2113.0,0,0.16741307889401985,0.011193833039160881,Guinea,GIN
74,30.37,2113.0,0,0.16741307889401985,0.011193833039160881,Guinea,GIN
75,30.37,2113.0,0,0.16741307889401985,0.011193833039160881,Guinea,GIN
76,30.37,2113.0,0,0.16741307889401985,0.011193833039160881,Guinea,GIN
77,30.37,2113.0,0,0.16741307889401985,0.011193833039160881,Guinea,GIN
78,30.37,2113.0,0,0.16741307889401985,0.011193833039160881,Guinea,GIN
79,30.37,2113.0,0,0.16741307889401985,0.011193833039160881,Guinea,GIN
80,30.37,2574.0,0,0.1675034837346579,0.007070925578608716,Guinea,GIN
81,30.37,2574.0,0,0.1675034837346579,0.007070925578608716,Guinea,GIN
82,30.37,2574.0,0,0.1675034837346579,0.007070925578608716,Guinea,GIN
83,30.37,2574.0,0,0.1675034837346579,0.007070925578608716,Guinea,GIN
84,30.37,2574.0,0,0.1675034837346579,0.007070925578608716,Guinea,GIN
85,30.37,2574.0,0,0.1675034837346579,0.007070925578608716,Guinea,GIN
86,30.37,2574.0,0,0.1675034837346579,0.007070925578608716,Guinea,GIN
87,30.37,2574.0,0,0.1675034837346579,0.007070925578608716,Guinea,GIN
88,30.37,2113.0,0,0.16741307889401985,0.011193833039160881,Guinea,GIN
89,30.37,2113.0,0,0.16741307889401985,0.011193833039160881,Guinea,GIN
90,30.37,2113.0,0,0.16741307889401985,0.011193833039160881,Guinea,GIN
91,30.37,2113.0,0,0.16741307889401985,0.011193833039160881,Guinea,GIN
92,30.37,2113.0,0,0.16741307889401985,0.011193833039160881,Guinea,GIN
93,30.37,2113.0,0,0.16741307889401985,0.011193833039160881,Guinea,GIN
94,30.37,2113.0,0,0.16741307889401985,0.011193833039160881,Guinea,GIN
95,30.37,2113.0,0,0.16741307889401985,0.011193833039160881,Guinea,GIN
96,30.37,2574.0,0,0.1675034837346579,0.007070925578608716,Guinea,GIN
97,30.37,2574.0,0,0.1675034837346579,0.007070925578608716,Guinea,GIN
98,30.37,2574.0,0,0.1675034837346579,0.007070925578608716,Guinea,GIN
99,30.37,2574.0,0,0.1675034837346579,0.007070925578608716,Guinea,GIN
100,30.37,2574.0,0,0.1675034837346579,0.007070925578608716,Guinea,GIN
101,30.37,2574.0,0,0.1675034837346579,0.007070925578608716,Guinea,GIN
102,30.37,2574.0,0,0.1675034837346579,0.007070925578608716,Guinea,GIN
103,30.37,2574.0,0,0.1675034837346579,0.007070925578608716,Guinea,GIN
104,30.37,2113.0,0,0.16741307889401985,0.011193833039160881,Guinea,GIN
105,30.37,2113.0,0,0.16741307889401985,0.011193833039160881,Guinea,GIN
106,30.37,2113.0,0,0.16741307889401985,0.011193833039160881,Guinea,GIN
107,30.37,2113.0,0,0.16741307889401985,0.011193833039160881,Guinea,GIN
108,30.37,2113.0,0,0.16741307889401985,0.011193833039160881,Guinea,GIN
109,30.37,2113.0,0,0.16741307889401985,0.011193833039160881,Guinea,GIN
110,30.37,2113.0,0,0.16741307889401985,0.011193833039160881,Guinea,GIN
111,30.37,2113.0,0,0.16741307889401985,0.011193833039160881,Guinea,GIN
112,30.37,2574.0,0,0.1675034837346579,0.007070925578608716,Guinea,GIN
113,30.37,2574.0,0,0.1675034837346579,0.007070925578608716,Guinea,GIN
114,30.37,2574.0,0,0.1675034837346579,0.007070925578608716,Guinea,GIN
115,30.37,2574.0,0,0.1675034837346579,0.007070925578608716,Guinea,GIN
116,30.37,2574.0,0,0.1675034837346579,0.007070925578608716,Guinea,GIN
117,30.37,2574.0,0,0.1675034837346579,0.007070925578608716,Guinea,GIN
118,30.37,2574.0,0,0.1675034837346579,0.007070925578608716,Guinea,GIN
119,30.37,2574.0,0,0.1675034837346579,0.007070925578608716,Guinea,GIN
120,30.37,2113.0,0,0.16741307889401985,0.011193833039160881,Guinea,GIN
121,30.37,2113.0,0,0.16741307889401985,0.011193833039160881,Guinea,GIN
122,30.37,2113.0,0,0.16741307889401985,0.011193833039160881,Guinea,GIN
123,30.37,2113.0,0,0.16741307889401985,0.011193833039160881,Guinea,GIN
124,30.37,2113.0,0,0.16741307889401985,0.011193833039160881,Guinea,GIN
125,30.37,2113.0,0,0.16741307889401985,0.011193833039160881,Guinea,GIN
126,30.37,2113.0,0,0.16741307889401985,0.011193833039160881,Guinea,GIN
127,30.37,2113.0,0,0.16741307889401985,0.011193833039160881,Guinea,GIN
128,30.37,2574.0,0,0.1675034837346579,0.007070925578608716,Guinea,GIN
129,30.37,2574.0,0,0.1675034837346579,0.007070925578608716,Guinea,GIN
130,30.37,2574.0,0,0.1675034837346579,0.007070925578608716,Guinea,GIN
131,30.37,2574.0,0,0.1675034837346579,0.007070925578608716,Guinea,GIN
132,30.37,2574.0,0,0.1675034837346579,0.007070925578608716,Guinea,GIN
133,30.37,2574.0,0,0.1675034837346579,0.007070925578608716,Guinea,GIN
134,30.37,2574.0,0,0.1675034837346579,0.007070925578608716,Guinea,GIN
135,30.37,2574.0,0,0.1675034837346579,0.007070925578608716,Guinea,GIN
136,30.37,2113.0,0,0.16741307889401985,0.011193833039160881,Guinea,GIN
137,30.37,2113.0,0,0.16741307889401985,0.011193833039160881,Guinea,GIN
138,30.37,2113.0,0,0.16741307889401985,0.011193833039160881,Guinea,GIN
139,30.37,2113.0,0,0.16741307889401985,0.011193833039160881,Guinea,GIN
140,30.37,2113.0,0,0.16741307889401985,0.011193833039160881,Guinea,GIN
141,30.37,2113.0,0,0.16741307889401985,0.011193833039160881,Guinea,GIN
142,30.37,2113.0,0,0.16741307889401985,0.011193833039160881,Guinea,GIN
143,30.37,2113.0,0,0.16741307889401985,0.011193833039160881,Guinea,GIN
144,30.37,2574.0,0,0.1675034837346579,0.007070925578608716,Guinea,GIN
145,30.37,2574.0,0,0.1675034837346579,0.007070925578608716,Guinea,GIN
146,30.37,2574.0,0,0.1675034837346579,0.007070925578608716,Guinea,GIN
147,30.37,2574.0,0,0.1675034837346579,0.007070925578608716,Guinea,GIN
148,30.37,2574.0,0,0.1675034837346579,0.007070925578608716,Guinea,GIN
149,30.37,2574.0,0,0.1675034837346579,0.007070925578608716,Guinea,GIN
150,30.37,2574.0,0,0.1675034837346579,0.007070925578608716,Guinea,GIN
151,30.37,2574.0,0,0.1675034837346579,0.007070925578608716,Guinea,GIN
152,30.37,2113.0,0,0.16741307889401985,0.011193833039160881,Guinea,GIN
153,30.37,2113.0,0,0.16741307889401985,0.011193833039160881,Guinea,GIN
154,30.37,2113.0,0,0.16741307889401985,0.011193833039160881,Guinea,GIN
155,30.37,2113.0,0,0.16741307889401985,0.011193833039160881,Guinea,GIN
156,30.37,2113.0,0,0.16741307889401985,0.011193833039160881,Guinea,GIN
157,30.37,2113.0,0,0.16741307889401985,0.011193833039160881,Guinea,GIN
158,30.37,2113.0,0,0.16741307889401985,0.011193833039160881,Guinea,GIN
159,30.37,2113.0,0,0.16741307889401985,0.011193833039160881,Guinea,GIN
160,30.37,2574.0,0,0.1675034837346579,0.007070925578608716,Guinea,GIN
161,30.37,2574.0,0,0.1675034837346579,0.007070925578608716,Guinea,GIN
162,30.37,2574.0,0,0.1675034837346579,0.007070925578608716,Guinea,GIN
163,30.37,2574.0,0,0.1675034837346579,0.007070925578608716,Guinea,GIN
164,30.37,2574.0,0,0.1675034837346579,0.007070925578608716,Guinea,GIN
165,30.37,2574.0,0,0.1675034837346579,0.007070925578608716,Guinea,GIN
166,30.37,2574.0,0,0.1675034837346579,0.007070925578608716,Guinea,GIN
167,30.37,2574.0,0,0.1675034837346579,0.007070925578608716,Guinea,GIN
168,30.37,2113.0,0,0.16741307889401985,0.011193833039160881,Guinea,GIN
169,30.37,2113.0,0,0.16741307889401985,0.011193833039160881,Guinea,GIN
170,30.37,2113.0,0,0.16741307889401985,0.011193833039160881,Guinea,GIN
171,30.37,2113.0,0,0.16741307889401985,0.011193833039160881,Guinea,GIN
172,30.37,2113.0,0,0.16741307889401985,0.011193833039160881,Guinea,GIN
173,30.37,2113.0,0,0.16741307889401985,0.011193833039160881,Guinea,GIN
174,30.37,2113.0,0,0.16741307889401985,0.011193833039160881,Guinea,GIN
175,30.37,2113.0,0,0.16741307889401985,0.011193833039160881,Guinea,GIN
176,30.37,2574.0,0,0.1675034837346579,0.007070925578608716,Guinea,GIN
177,30.37,2574.0,0,0.1675034837346579,0.007070925578608716,Guinea,GIN
178,30.37,2574.0,0,0.1675034837346579,0.007070925578608716,Guinea,GIN
179,30.37,2574.0,0,0.1675034837346579,0.007070925578608716,Guinea,GIN
180,30.37,2574.0,0,0.1675034837346579,0.007070925578608716,Guinea,GIN
181,30.37,2574.0,0,0.1675034837346579,0.007070925578608716,Guinea,GIN
182,30.37,2574.0,0,0.1675034837346579,0.007070925578608716,Guinea,GIN
183,30.37,2574.0,0,0.1675034837346579,0.007070925578608716,Guinea,GIN
184,30.37,2113.0,0,0.16741307889401985,0.011193833039160881,Guinea,GIN
185,30.37,2113.0,0,0.16741307889401985,0.011193833039160881,Guinea,GIN
186,30.37,2113.0,0,0.16741307889401985,0.011193833039160881,Guinea,GIN
187,30.37,2113.0,0,0.16741307889401985,0.011193833039160881,Guinea,GIN
188,30.37,2113.0,0,0.16741307889401985,0.011193833039160881,Guinea,GIN
189,30.37,2113.0,0,0.16741307889401985,0.011193833039160881,Guinea,GIN
190,30.37,2113.0,0,0.16741307889401985,0.011193833039160881,Guinea,GIN
191,30.37,2113.0,0,0.16741307889401985,0.011193833039160881,Guinea,GIN
192,30.37,2574.0,0,0.1675034837346579,0.007070925578608716,Guinea,GIN
193,30.37,2574.0,0,0.1675034837346579,0.007070925578608716,Guinea,GIN
194,30.37,2574.0,0,0.1675034837346579,0.007070925578608716,Guinea,GIN
195,30.37,2574.0,0,0.1675034837346579,0.007070925578608716,Guinea,GIN
196,30.37,2574.0,0,0.1675034837346579,0.007070925578608716,Guinea,GIN
197,30.37,2574.0,0,0.1675034837346579,0.007070925578608716,Guinea,GIN
198,30.37,2574.0,0,0.1675034837346579,0.007070925578608716,Guinea,GIN
199,30.37,2574.0,0,0.1675034837346579,0.007070925578608716,Guinea,GIN
200,30.37,2113.0,0,0.16741307889401985,0.011193833039160881,Guinea,GIN
201,30.37,2113.0,0,0.16741307889401985,0.011193833039160881,Guinea,GIN
202,30.37,2113.0,0,0.16741307889401985,0.011193833039160881,Guinea,GIN
203,30.37,2113.0,0,0.16741307889401985,0.011193833039160881,Guinea,GIN
204,30.37,2113.0,0,0.16741307889401985,0.011193833039160881,Guinea,GIN
205,30.37,2113.0,0,0.16741307889401985,0.011193833039160881,Guinea,GIN
206,30.37,2113.0,0,0.16741307889401985,0.011193833039160881,Guinea,GIN
207,30.37,2113.0,0,0.16741307889401985,0.011193833039160881,Guinea,GIN
208,30.37,2574.0,0,0.1675034837346579,0.007070925578608716,Guinea,GIN
209,30.37,2574.0,0,0.1675034837346579,0.007070925578608716,Guinea,GIN
210,30.37,2574.0,0,0.1675034837346579,0.007070925578608716,Guinea,GIN
211,30.37,2574.0,0,0.1675034837346579,0.007070925578608716,Guinea,GIN
212,30.37,2574.0,0,0.1675034837346579,0.007070925578608716,Guinea,GIN
213,30.37,2574.0,0,0.1675034837346579,0.007070925578608716,Guinea,GIN
214,30.37,2574.0,0,0.1675034837346579,0.007070925578608716,Guinea,GIN
215,30.37,2574.0,0,0.1675034837346579,0.007070925578608716,Guinea,GIN
216,30.37,2113.0,0,0.16741307889401985,0.011193833039160881,Guinea,GIN
217,30.37,2113.0,0,0.16741307889401985,0.011193833039160881,Guinea,GIN
218,30.37,2113.0,0,0.16741307889401985,0.011193833039160881,Guinea,GIN
219,30.37,2113.0,0,0.16741307889401985,0.011193833039160881,Guinea,GIN
220,30.37,2113.0,0,0.16741307889401985,0.011193833039160881,Guinea,GIN
221,30.37,2113.0,0,0.16741307889401985,0.011193833039160881,Guinea,GIN
222,30.37,2113.0,0,0.16741307889401985,0.011193833039160881,Guinea,GIN
223,30.37,2113.0,0,0.16741307889401985,0.011193833039160881,Guinea,GIN
224,30.37,2574.0,0,0.1675034837346579,0.007070925578608716,Guinea,GIN
225,30.37,2574.0,0,0.1675034837346579,0.007070925578608716,Guinea,GIN
226,30.37,2574.0,0,0.1675034837346579,0.007070925578608716,Guinea,GIN
227,30.37,2574.0,0,0.1675034837346579,0.007070925578608716,Guinea,GIN
228,30.37,2574.0,0,0.1675034837346579,0.007070925578608716,Guinea,GIN
229,30.37,2574.0,0,0.1675034837346579,0.007070925578608716,Guinea,GIN
230,30.37,2574.0,0,0.1675034837346579,0.007070925578608716,Guinea,GIN
231,30.37,2574.0,0,0.1675034837346579,0.007070925578608716,Guinea,GIN
232,30.37,2113.0,0,0.16741307889401985,0.011193833039160881,Guinea,GIN
233,30.37,2113.0,0,0.16741307889401985,0.011193833039160881,Guinea,GIN
234,30.37,2113.0,0,0.16741307889401985,0.011193833039160881,Guinea,GIN
235,30.37,2113.0,0,0.16741307889401985,0.011193833039160881,Guinea,GIN
236,30.37,2113.0,0,0.16741307889401985,0.011193833039160881,Guinea,GIN
237,30.37,2113.0,0,0.16741307889401985,0.011193833039160881,Guinea,GIN
238,30.37,2113.0,0,0.16741307889401985,0.011193833039160881,Guinea,GIN
239,30.37,2113.0,0,0.16741307889401985,0.011193833039160881,Guinea,GIN
240,30.37,2574.0,0,0.1675034837346579,0.007070925578608716,Guinea,GIN
241,30.37,2574.0,0,0.1675034837346579,0.007070925578608716,Guinea,GIN
242,30.37,2574.0,0,0.1675034837346579,0.007070925578608716,Guinea,GIN
243,30.37,2574.0,0,0.1675034837346579,0.007070925578608716,Guinea,GIN
244,30.37,2574.0,0,0.1675034837346579,0.007070925578608716,Guinea,GIN
245,30.37,2574.0,0,0.1675034837346579,0.007070925578608716,Guinea,GIN
246,30.37,2574.0,0,0.1675034837346579,0.007070925578608716,Guinea,GIN
247,30.37,2574.0,0,0.1675034837346579,0.007070925578608716,Guinea,GIN
248,30.37,2113.0,0,0.16741307889401985,0.011193833039160881,Guinea,GIN
249,30.37,2113.0,0,0.16741307889401985,0.011193833039160881,Guinea,GIN
250,30.37,2113.0,0,0.16741307889401985,0.011193833039160881,Guinea,GIN
251,30.37,2113.0,0,0.16741307889401985,0.011193833039160881,Guinea,GIN
252,30.37,2113.0,0,0.16741307889401985,0.011193833039160881,Guinea,GIN
253,30.37,2113.0,0,0.16741307889401985,0.011193833039160881,Guinea,GIN
254,30.37,2113.0,0,0.16741307889401985,0.011193833039160881,Guinea,GIN
255,30.37,2113.0,0,0.16741307889401985,0.011193833039160881,Guinea,GIN
256,30.37,2574.0,0,0.1675034837346579,0.007070925578608716,Guinea,GIN
257,30.37,2574.0,0,0.1675034837346579,0.007070925578608716,Guinea,GIN
258,30.37,2574.0,0,0.1675034837346579,0.007070925578608716,Guinea,GIN
259,30.37,2574.0,0,0.1675034837346579,0.007070925578608716,Guinea,GIN
260,30.37,2574.0,0,0.1675034837346579,0.007070925578608716,Guinea,GIN
261,30.37,2574.0,0,0.1675034837346579,0.007070925578608716,Guinea,GIN
262,30.37,2574.0,0,0.1675034837346579,0.007070925578608716,Guinea,GIN
263,30.37,2574.0,0,0.1675034837346579,0.007070925578608716,Guinea,GIN
264,30.37,2113.0,0,0.16741307889401985,0.011193833039160881,Guinea,GIN
265,30.37,2113.0,0,0.16741307889401985,0.011193833039160881,Guinea,GIN
266,30.37,2113.0,0,0.16741307889401985,0.011193833039160881,Guinea,GIN
267,30.37,2113.0,0,0.16741307889401985,0.011193833039160881,Guinea,GIN
268,30.37,2113.0,0,0.16741307889401985,0.011193833039160881,Guinea,GIN
269,30.37,2113.0,0,0.16741307889401985,0.011193833039160881,Guinea,GIN
270,30.37,2113.0,0,0.16741307889401985,0.011193833039160881,Guinea,GIN
271,30.37,2113.0,0,0.16741307889401985,0.011193833039160881,Guinea,GIN
272,30.37,2574.0,0,0.1675034837346579,0.007070925578608716,Guinea,GIN
273,30.37,2574.0,0,0.1675034837346579,0.007070925578608716,Guinea,GIN
274,30.37,2574.0,0,0.1675034837346579,0.007070925578608716,Guinea,GIN
275,30.37,2574.0,0,0.1675034837346579,0.007070925578608716,Guinea,GIN
276,30.37,2574.0,0,0.1675034837346579,0.007070925578608716,Guinea,GIN
277,30.37,2574.0,0,0.1675034837346579,0.007070925578608716,Guinea,GIN
278,30.37,2574.0,0,0.1675034837346579,0.007070925578608716,Guinea,GIN
279,30.37,2574.0,0,0.1675034837346579,0.007070925578608716,Guinea,GIN
280,30.37,2113.0,0,0.16741307889401985,0.011193833039160881,Guinea,GIN
281,30.37,2113.0,0,0.16741307889401985,0.011193833039160881,Guinea,GIN
282,30.37,2113.0,0,0.16741307889401985,0.011193833039160881,Guinea,GIN
283,30.37,2113.0,0,0.16741307889401985,0.011193833039160881,Guinea,GIN
284,30.37,2113.0,0,0.16741307889401985,0.011193833039160881,Guinea,GIN
285,30.37,2113.0,0,0.16741307889401985,0.011193833039160881,Guinea,GIN
286,30.37,2113.0,0,0.16741307889401985,0.011193833039160881,Guinea,GIN
287,30.37,2113.0,0,0.16741307889401985,0.011193833039160881,Guinea,GIN
288,30.37,2574.0,0,0.1675034837346579,0.007070925578608716,Guinea,GIN
289,30.37,2574.0,0,0.1675034837346579,0.007070925578608716,Guinea,GIN
290,30.37,2574.0,0,0.1675034837346579,0.007070925578608716,Guinea,GIN
291,30.37,2574.0,0,0.1675034837346579,0.007070925578608716,Guinea,GIN
292,30.37,2574.0,0,0.1675034837346579,0.007070925578608716,Guinea,GIN
293,30.37,2574.0,0,0.1675034837346579,0.007070925578608716,Guinea,GIN
294,30.37,2574.0,0,0.1675034837346579,0.007070925578608716,Guinea,GIN
295,30.37,2574.0,0,0.1675034837346579,0.007070925578608716,Guinea,GIN
296,30.37,2113.0,0,0.16741307889401985,0.011193833039160881,Guinea,GIN
297,30.37,2113.0,0,0.16741307889401985,0.011193833039160881,Guinea,GIN
298,30.37,2113.0,0,0.16741307889401985,0.011193833039160881,Guinea,GIN
299,30.37,2113.0,0,0.16741307889401985,0.011193833039160881,Guinea,GIN
300,30.37,2113.0,0,0.16741307889401985,0.011193833039160881,Guinea,GIN
301,30.37,2113.0,0,0.16741307889401985,0.011193833039160881,Guinea,GIN
302,30.37,2113.0,0,0.16741307889401985,0.011193833039160881,Guinea,GIN
303,30.37,2113.0,0,0.16741307889401985,0.011193833039160881,Guinea,GIN
304,30.37,2574.0,0,0.1675034837346579,0.007070925578608716,Guinea,GIN
305,30.37,2574.0,0,0.1675034837346579,0.007070925578608716,Guinea,GIN
306,30.37,2574.0,0,0.1675034837346579,0.007070925578608716,Guinea,GIN
307,30.37,2574.0,0,0.1675034837346579,0.007070925578608716,Guinea,GIN
308,30.37,2574.0,0,0.1675034837346579,0.007070925578608716,Guinea,GIN
309,30.37,2574.0,0,0.1675034837346579,0.007070925578608716,Guinea,GIN
310,30.37,2574.0,0,0.1675034837346579,0.007070925578608716,Guinea,GIN
311,30.37,2574.0,0,0.1675034837346579,0.007070925578608716,Guinea,GIN
312,30.37,2113.0,0,0.16741307889401985,0.011193833039160881,Guinea,GIN
313,30.37,2113.0,0,0.16741307889401985,0.011193833039160881,Guinea,GIN
314,30.37,2113.0,0,0.16741307889401985,0.011193833039160881,Guinea,GIN
315,30.37,2113.0,0,0.16741307889401985,0.011193833039160881,Guinea,GIN
316,30.37,2113.0,0,0.16741307889401985,0.011193833039160881,Guinea,GIN
317,30.37,2113.0,0,0.16741307889401985,0.011193833039160881,Guinea,GIN
318,30.37,2113.0,0,0.16741307889401985,0.011193833039160881,Guinea,GIN
319,30.37,2113.0,0,0.16741307889401985,0.011193833039160881,Guinea,GIN
320,30.37,2574.0,0,0.1675034837346579,0.007070925578608716,Guinea,GIN
321,30.37,2574.0,0,0.1675034837346579,0.007070925578608716,Guinea,GIN
322,30.37,2574.0,0,0.1675034837346579,0.007070925578608716,Guinea,GIN
323,30.37,2574.0,0,0.1675034837346579,0.007070925578608716,Guinea,GIN
324,30.37,2574.0,0,0.1675034837346579,0.007070925578608716,Guinea,GIN
325,30.37,2574.0,0,0.1675034837346579,0.007070925578608716,Guinea,GIN
326,30.37,2574.0,0,0.1675034837346579,0.007070925578608716,Guinea,GIN
327,30.37,2574.0,0,0.1675034837346579,0.007070925578608716,Guinea,GIN
328,30.37,2113.0,0,0.16741307889401985,0.011193833039160881,Guinea,GIN
329,30.37,2113.0,0,0.16741307889401985,0.011193833039160881,Guinea,GIN
330,30.37,2113.0,0,0.16741307889401985,0.011193833039160881,Guinea,GIN
331,30.37,2113.0,0,0.16741307889401985,0.011193833039160881,Guinea,GIN
332,30.37,2113.0,0,0.16741307889401985,0.011193833039160881,Guinea,GIN
333,30.37,2113.0,0,0.16741307889401985,0.011193833039160881,Guinea,GIN
334,30.37,2113.0,0,0.16741307889401985,0.011193833039160881,Guinea,GIN
335,30.37,2113.0,0,0.16741307889401985,0.011193833039160881,Guinea,GIN
336,30.37,2574.0,0,0.1675034837346579,0.007070925578608716,Guinea,GIN
337,30.37,2574.0,0,0.1675034837346579,0.007070925578608716,Guinea,GIN
338,30.37,2574.0,0,0.1675034837346579,0.007070925578608716,Guinea,GIN
339,30.37,2574.0,0,0.1675034837346579,0.007070925578608716,Guinea,GIN
340,30.37,2574.0,0,0.1675034837346579,0.007070925578608716,Guinea,GIN
341,30.37,2574.0,0,0.1675034837346579,0.007070925578608716,Guinea,GIN
342,30.37,2574.0,0,0.1675034837346579,0.007070925578608716,Guinea,GIN
343,30.37,2574.0,0,0.1675034837346579,0.007070925578608716,Guinea,GIN
344,30.37,2113.0,0,0.16741307889401985,0.011193833039160881,Guinea,GIN
345,30.37,2113.0,0,0.16741307889401985,0.011193833039160881,Guinea,GIN
346,30.37,2113.0,0,0.16741307889401985,0.011193833039160881,Guinea,GIN
347,30.37,2113.0,0,0.16741307889401985,0.011193833039160881,Guinea,GIN
348,30.37,2113.0,0,0.16741307889401985,0.011193833039160881,Guinea,GIN
349,30.37,2113.0,0,0.16741307889401985,0.011193833039160881,Guinea,GIN
350,30.37,2113.0,0,0.16741307889401985,0.011193833039160881,Guinea,GIN
351,30.37,2113.0,0,0.16741307889401985,0.011193833039160881,Guinea,GIN
352,30.37,2574.0,0,0.1675034837346579,0.007070925578608716,Guinea,GIN
353,30.37,2574.0,0,0.1675034837346579,0.007070925578608716,Guinea,GIN
354,30.37,2574.0,0,0.1675034837346579,0.007070925578608716,Guinea,GIN
355,30.37,2574.0,0,0.1675034837346579,0.007070925578608716,Guinea,GIN
356,30.37,2574.0,0,0.1675034837346579,0.007070925578608716,Guinea,GIN
357,30.37,2574.0,0,0.1675034837346579,0.007070925578608716,Guinea,GIN
358,30.37,2574.0,0,0.1675034837346579,0.007070925578608716,Guinea,GIN
359,30.37,2574.0,0,0.1675034837346579,0.007070925578608716,Guinea,GIN
360,30.37,2113.0,0,0.16741307889401985,0.011193833039160881,Guinea,GIN
361,30.37,2113.0,0,0.16741307889401985,0.011193833039160881,Guinea,GIN
362,30.37,2113.0,0,0.16741307889401985,0.011193833039160881,Guinea,GIN
363,30.37,2113.0,0,0.16741307889401985,0.011193833039160881,Guinea,GIN
364,30.37,2113.0,0,0.16741307889401985,0.011193833039160881,Guinea,GIN
365,30.37,2113.0,0,0.16741307889401985,0.011193833039160881,Guinea,GIN
366,30.37,2113.0,0,0.16741307889401985,0.011193833039160881,Guinea,GIN
367,30.37,2113.0,0,0.16741307889401985,0.011193833039160881,Guinea,GIN
368,30.37,2574.0,0,0.1675034837346579,0.007070925578608716,Guinea,GIN
369,30.37,2574.0,0,0.1675034837346579,0.007070925578608716,Guinea,GIN
370,30.37,2574.0,0,0.1675034837346579,0.007070925578608716,Guinea,GIN
371,30.37,2574.0,0,0.1675034837346579,0.007070925578608716,Guinea,GIN
372,30.37,2574.0,0,0.1675034837346579,0.007070925578608716,Guinea,GIN
373,30.37,2574.0,0,0.1675034837346579,0.007070925578608716,Guinea,GIN
374,30.37,2574.0,0,0.1675034837346579,0.007070925578608716,Guinea,GIN
375,30.37,2574.0,0,0.1675034837346579,0.007070925578608716,Guinea,GIN
376,30.37,2113.0,0,0.16741307889401985,0.011193833039160881,Guinea,GIN
377,30.37,2113.0,0,0.16741307889401985,0.011193833039160881,Guinea,GIN
378,30.37,2113.0,0,0.16741307889401985,0.011193833039160881,Guinea,GIN
379,30.37,2113.0,0,0.16741307889401985,0.011193833039160881,Guinea,GIN
380,30.37,2113.0,0,0.16741307889401985,0.011193833039160881,Guinea,GIN
381,30.37,2113.0,0,0.16741307889401985,0.011193833039160881,Guinea,GIN
382,30.37,2113.0,0,0.16741307889401985,0.011193833039160881,Guinea,GIN
383,30.37,2113.0,0,0.16741307889401985,0.011193833039160881,Guinea,GIN
384,30.37,2574.0,0,0.1675034837346579,0.007070925578608716,Guinea,GIN
385,30.37,2574.0,0,0.1675034837346579,0.007070925578608716,Guinea,GIN
386,30.37,2574.0,0,0.1675034837346579,0.007070925578608716,Guinea,GIN
387,30.37,2574.0,0,0.1675034837346579,0.007070925578608716,Guinea,GIN
388,30.37,2574.0,0,0.1675034837346579,0.007070925578608716,Guinea,GIN
389,30.37,2574.0,0,0.1675034837346579,0.007070925578608716,Guinea,GIN
390,30.37,2574.0,0,0.1675034837346579,0.007070925578608716,Guinea,GIN
391,30.37,2574.0,0,0.1675034837346579,0.007070925578608716,Guinea,GIN
392,30.37,2113.0,0,0.16741307889401985,0.011193833039160881,Guinea,GIN
393,30.37,2113.0,0,0.16741307889401985,0.011193833039160881,Guinea,GIN
394,30.37,2113.0,0,0.16741307889401985,0.011193833039160881,Guinea,GIN
395,30.37,2113.0,0,0.16741307889401985,0.011193833039160881,Guinea,GIN
396,30.37,2113.0,0,0.16741307889401985,0.011193833039160881,Guinea,GIN
397,30.37,2113.0,0,0.16741307889401985,0.011193833039160881,Guinea,GIN
398,30.37,2113.0,0,0.16741307889401985,0.011193833039160881,Guinea,GIN
399,30.37,2113.0,0,0.16741307889401985,0.011193833039160881,Guinea,GIN
400,30.37,2574.0,0,0.1675034837346579,0.007070925578608716,Guinea,GIN
401,30.37,2574.0,0,0.1675034837346579,0.007070925578608716,Guinea,GIN
402,30.37,2574.0,0,0.1675034837346579,0.007070925578608716,Guinea,GIN
403,30.37,2574.0,0,0.1675034837346579,0.007070925578608716,Guinea,GIN
404,30.37,2574.0,0,0.1675034837346579,0.007070925578608716,Guinea,GIN
405,30.37,2574.0,0,0.1675034837346579,0.007070925578608716,Guinea,GIN
406,30.37,2574.0,0,0.1675034837346579,0.007070925578608716,Guinea,GIN
407,30.37,2574.0,0,0.1675034837346579,0.007070925578608716,Guinea,GIN
408,30.37,2113.0,0,0.16741307889401985,0.011193833039160881,Guinea,GIN
409,30.37,2113.0,0,0.16741307889401985,0.011193833039160881,Guinea,GIN
410,30.37,2113.0,0,0.16741307889401985,0.011193833039160881,Guinea,GIN
411,30.37,2113.0,0,0.16741307889401985,0.011193833039160881,Guinea,GIN
412,30.37,2113.0,0,0.16741307889401985,0.011193833039160881,Guinea,GIN
413,30.37,2113.0,0,0.16741307889401985,0.011193833039160881,Guinea,GIN
414,30.37,2113.0,0,0.16741307889401985,0.011193833039160881,Guinea,GIN
415,30.37,2113.0,0,0.16741307889401985,0.011193833039160881,Guinea,GIN
416,30.37,2574.0,0,0.1675034837346579,0.007070925578608716,Guinea,GIN
417,30.37,2574.0,0,0.1675034837346579,0.007070925578608716,Guinea,GIN
418,30.37,2574.0,0,0.1675034837346579,0.007070925578608716,Guinea,GIN
419,30.37,2574.0,0,0.1675034837346579,0.007070925578608716,Guinea,GIN
420,30.37,2574.0,0,0.1675034837346579,0.007070925578608716,Guinea,GIN
421,30.37,2574.0,0,0.1675034837346579,0.007070925578608716,Guinea,GIN
422,30.37,2574.0,0,0.1675034837346579,0.007070925578608716,Guinea,GIN
423,30.37,2574.0,0,0.1675034837346579,0.007070925578608716,Guinea,GIN
424,30.37,2113.0,0,0.16741307889401985,0.011193833039160881,Guinea,GIN
425,30.37,2113.0,0,0.16741307889401985,0.011193833039160881,Guinea,GIN
426,30.37,2113.0,0,0.16741307889401985,0.011193833039160881,Guinea,GIN
427,30.37,2113.0,0,0.16741307889401985,0.011193833039160881,Guinea,GIN
428,30.37,2113.0,0,0.16741307889401985,0.011193833039160881,Guinea,GIN
429,30.37,2113.0,0,0.16741307889401985,0.011193833039160881,Guinea,GIN
430,30.37,2113.0,0,0.16741307889401985,0.011193833039160881,Guinea,GIN
431,30.37,2113.0,0,0.16741307889401985,0.011193833039160881,Guinea,GIN
432,30.37,2574.0,0,0.1675034837346579,0.007070925578608716,Guinea,GIN
433,30.37,2574.0,0,0.1675034837346579,0.007070925578608716,Guinea,GIN
434,30.37,2574.0,0,0.1675034837346579,0.007070925578608716,Guinea,GIN
435,30.37,2574.0,0,0.1675034837346579,0.007070925578608716,Guinea,GIN
436,30.37,2574.0,0,0.1675034837346579,0.007070925578608716,Guinea,GIN
437,30.37,2574.0,0,0.1675034837346579,0.007070925578608716,Guinea,GIN
438,30.37,2574.0,0,0.1675034837346579,0.007070925578608716,Guinea,GIN
439,30.37,2574.0,0,0.1675034837346579,0.007070925578608716,Guinea,GIN
440,30.37,2113.0,0,0.16741307889401985,0.011193833039160881,Guinea,GIN
441,30.37,2113.0,0,0.16741307889401985,0.011193833039160881,Guinea,GIN
442,30.37,2113.0,0,0.16741307889401985,0.011193833039160881,Guinea,GIN
443,30.37,2113.0,0,0.16741307889401985,0.011193833039160881,Guinea,GIN
444,30.37,2113.0,0,0.16741307889401985,0.011193833039160881,Guinea,GIN
445,30.37,2113.0,0,0.16741307889401985,0.011193833039160881,Guinea,GIN
446,30.37,2113.0,0,0.16741307889401985,0.011193833039160881,Guinea,GIN
447,30.37,2113.0,0,0.16741307889401985,0.011193833039160881,Guinea,GIN
448,30.37,2574.0,0,0.1675034837346579,0.007070925578608716,Guinea,GIN
449,30.37,2574.0,0,0.1675034837346579,0.007070925578608716,Guinea,GIN
450,30.37,2574.0,0,0.1675034837346579,0.007070925578608716,Guinea,GIN
451,30.37,2574.0,0,0.1675034837346579,0.007070925578608716,Guinea,GIN
452,30.37,2574.0,0,0.1675034837346579,0.007070925578608716,Guinea,GIN
453,30.37,2574.0,0,0.1675034837346579,0.007070925578608716,Guinea,GIN
454,30.37,2574.0,0,0.1675034837346579,0.007070925578608716,Guinea,GIN
455,30.37,2574.0,0,0.1675034837346579,0.007070925578608716,Guinea,GIN
456,30.37,2113.0,0,0.16741307889401985,0.011193833039160881,Guinea,GIN
457,30.37,2113.0,0,0.16741307889401985,0.011193833039160881,Guinea,GIN
458,30.37,2113.0,0,0.16741307889401985,0.011193833039160881,Guinea,GIN
459,30.37,2113.0,0,0.16741307889401985,0.011193833039160881,Guinea,GIN
460,30.37,2113.0,0,0.16741307889401985,0.011193833039160881,Guinea,GIN
461,30.37,2113.0,0,0.16741307889401985,0.011193833039160881,Guinea,GIN
462,30.37,2113.0,0,0.16741307889401985,0.011193833039160881,Guinea,GIN
463,30.37,2113.0,0,0.16741307889401985,0.011193833039160881,Guinea,GIN
464,30.37,2574.0,0,0.1675034837346579,0.007070925578608716,Guinea,GIN
465,30.37,2574.0,0,0.1675034837346579,0.007070925578608716,Guinea,GIN
466,30.37,2574.0,0,0.1675034837346579,0.007070925578608716,Guinea,GIN
467,30.37,2574.0,0,0.1675034837346579,0.007070925578608716,Guinea,GIN
468,30.37,2574.0,0,0.1675034837346579,0.007070925578608716,Guinea,GIN
469,30.37,2574.0,0,0.1675034837346579,0.007070925578608716,Guinea,GIN
470,30.37,2574.0,0,0.1675034837346579,0.007070925578608716,Guinea,GIN
471,30.37,2574.0,0,0.1675034837346579,0.007070925578608716,Guinea,GIN
472,30.37,2113.0,0,0.16741307889401985,0.011193833039160881,Guinea,GIN
473,30.37,2113.0,0,0.16741307889401985,0.011193833039160881,Guinea,GIN
474,30.37,2113.0,0,0.16741307889401985,0.011193833039160881,Guinea,GIN
475,30.37,2113.0,0,0.16741307889401985,0.011193833039160881,Guinea,GIN
476,30.37,2113.0,0,0.16741307889401985,0.011193833039160881,Guinea,GIN
477,30.37,2113.0,0,0.16741307889401985,0.011193833039160881,Guinea,GIN
478,30.37,2113.0,0,0.16741307889401985,0.011193833039160881,Guinea,GIN
479,30.37,2113.0,0,0.16741307889401985,0.011193833039160881,Guinea,GIN
480,30.37,2574.0,0,0.1675034837346579,0.007070925578608716,Guinea,GIN
481,30.37,2574.0,0,0.1675034837346579,0.007070925578608716,Guinea,GIN
482,30.37,2574.0,0,0.1675034837346579,0.007070925578608716,Guinea,GIN
483,30.37,2574.0,0,0.1675034837346579,0.007070925578608716,Guinea,GIN
484,30.37,2574.0,0,0.1675034837346579,0.007070925578608716,Guinea,GIN
485,30.37,2574.0,0,0.1675034837346579,0.007070925578608716,Guinea,GIN
486,30.37,2574.0,0,0.1675034837346579,0.007070925578608716,Guinea,GIN
487,30.37,2574.0,0,0.1675034837346579,0.007070925578608716,Guinea,GIN
488,30.37,2113.0,0,0.16741307889401985,0.011193833039160881,Guinea,GIN
489,30.37,2113.0,0,0.16741307889401985,0.011193833039160881,Guinea,GIN
490,30.37,2113.0,0,0.16741307889401985,0.011193833039160881,Guinea,GIN
491,30.37,2113.0,0,0.16741307889401985,0.011193833039160881,Guinea,GIN
492,30.37,2113.0,0,0.16741307889401985,0.011193833039160881,Guinea,GIN
493,30.37,2113.0,0,0.16741307889401985,0.011193833039160881,Guinea,GIN
494,30.37,2113.0,0,0.16741307889401985,0.011193833039160881,Guinea,GIN
495,30.37,2113.0,0,0.16741307889401985,0.011193833039160881,Guinea,GIN
496,30.37,2574.0,0,0.1675034837346579,0.007070925578608716,Guinea,GIN
497,30.37,2574.0,0,0.1675034837346579,0.007070925578608716,Guinea,GIN
498,30.37,2574.0,0,0.1675034837346579,0.007070925578608716,Guinea,GIN
499,30.37,2574.0,0,0.1675034837346579,0.007070925578608716,Guinea,GIN
500,30.37,2574.0,0,0.1675034837346579,0.007070925578608716,Guinea,GIN
501,30.37,2574.0,0,0.1675034837346579,0.007070925578608716,Guinea,GIN
502,30.37,2574.0,0,0.1675034837346579,0.007070925578608716,Guinea,GIN
503,30.37,2574.0,0,0.1675034837346579,0.007070925578608716,Guinea,GIN
504,30.37,2113.0,0,0.16741307889401985,0.011193833039160881,Guinea,GIN
505,30.37,2113.0,0,0.16741307889401985,0.011193833039160881,Guinea,GIN
506,30.37,2113.0,0,0.16741307889401985,0.011193833039160881,Guinea,GIN
507,30.37,2113.0,0,0.16741307889401985,0.011193833039160881,Guinea,GIN
508,30.37,2113.0,0,0.16741307889401985,0.011193833039160881,Guinea,GIN
509,30.37,2113.0,0,0.16741307889401985,0.011193833039160881,Guinea,GIN
510,30.37,2113.0,0,0.16741307889401985,0.011193833039160881,Guinea,GIN
511,30.37,2113.0,0,0.16741307889401985,0.011193833039160881,Guinea,GIN
512,30.37,2574.0,0,0.1675034837346579,0.007070925578608716,Guinea,GIN
513,30.37,2574.0,0,0.1675034837346579,0.007070925578608716,Guinea,GIN
514,30.37,2574.0,0,0.1675034837346579,0.007070925578608716,Guinea,GIN
515,30.37,2574.0,0,0.1675034837346579,0.007070925578608716,Guinea,GIN
516,30.37,2574.0,0,0.1675034837346579,0.007070925578608716,Guinea,GIN
517,30.37,2574.0,0,0.1675034837346579,0.007070925578608716,Guinea,GIN
518,30.37,2574.0,0,0.1675034837346579,0.007070925578608716,Guinea,GIN
519,30.37,2574.0,0,0.1675034837346579,0.007070925578608716,Guinea,GIN
520,30.37,2113.0,0,0.16741307889401985,0.011193833039160881,Guinea,GIN
521,30.37,2113.0,0,0.16741307889401985,0.011193833039160881,Guinea,GIN
522,30.37,2113.0,0,0.16741307889401985,0.011193833039160881,Guinea,GIN
523,30.37,2113.0,0,0.16741307889401985,0.011193833039160881,Guinea,GIN
524,30.37,2113.0,0,0.16741307889401985,0.011193833039160881,Guinea,GIN
525,30.37,2113.0,0,0.16741307889401985,0.011193833039160881,Guinea,GIN
526,30.37,2113.0,0,0.16741307889401985,0.011193833039160881,Guinea,GIN
527,30.37,2113.0,0,0.16741307889401985,0.011193833039160881,Guinea,GIN
528,30.37,2574.0,0,0.1675034837346579,0.007070925578608716,Guinea,GIN
529,30.37,2574.0,0,0.1675034837346579,0.007070925578608716,Guinea,GIN
530,30.37,2574.0,0,0.1675034837346579,0.007070925578608716,Guinea,GIN
531,30.37,2574.0,0,0.1675034837346579,0.007070925578608716,Guinea,GIN
532,30.37,2574.0,0,0.1675034837346579,0.007070925578608716,Guinea,GIN
533,30.37,2574.0,0,0.1675034837346579,0.007070925578608716,Guinea,GIN
534,30.37,2574.0,0,0.1675034837346579,0.007070925578608716,Guinea,GIN
535,30.37,2574.0,0,0.1675034837346579,0.007070925578608716,Guinea,GIN
536,30.37,2113.0,0,0.16741307889401985,0.011193833039160881,Guinea,GIN
537,30.37,2113.0,0,0.16741307889401985,0.011193833039160881,Guinea,GIN
538,30.37,2113.0,0,0.16741307889401985,0.011193833039160881,Guinea,GIN
539,30.37,2113.0,0,0.16741307889401985,0.011193833039160881,Guinea,GIN
540,30.37,2113.0,0,0.16741307889401985,0.011193833039160881,Guinea,GIN
541,30.37,2113.0,0,0.16741307889401985,0.011193833039160881,Guinea,GIN
542,30.37,2113.0,0,0.16741307889401985,0.011193833039160881,Guinea,GIN
543,30.37,2113.0,0,0.16741307889401985,0.011193833039160881,Guinea,GIN
544,30.37,2574.0,0,0.1675034837346579,0.007070925578608716,Guinea,GIN
545,30.37,2574.0,0,0.1675034837346579,0.007070925578608716,Guinea,GIN
546,30.37,2574.0,0,0.1675034837346579,0.007070925578608716,Guinea,GIN
547,30.37,2574.0,0,0.1675034837346579,0.007070925578608716,Guinea,GIN
548,30.37,2574.0,0,0.1675034837346579,0.007070925578608716,Guinea,GIN
549,30.37,2574.0,0,0.1675034837346579,0.007070925578608716,Guinea,GIN
550,30.37,2574.0,0,0.1675034837346579,0.007070925578608716,Guinea,GIN
551,30.37,2574.0,0,0.1675034837346579,0.007070925578608716,Guinea,GIN
552,30.37,2113.0,0,0.16741307889401985,0.011193833039160881,Guinea,GIN
553,30.37,2113.0,0,0.16741307889401985,0.011193833039160881,Guinea,GIN
554,30.37,2113.0,0,0.16741307889401985,0.011193833039160881,Guinea,GIN
555,30.37,2113.0,0,0.16741307889401985,0.011193833039160881,Guinea,GIN
556,30.37,2113.0,0,0.16741307889401985,0.011193833039160881,Guinea,GIN
557,30.37,2113.0,0,0.16741307889401985,0.011193833039160881,Guinea,GIN
558,30.37,2113.0,0,0.16741307889401985,0.011193833039160881,Guinea,GIN
559,30.37,2113.0,0,0.16741307889401985,0.011193833039160881,Guinea,GIN
560,30.37,2574.0,0,0.1675034837346579,0.007070925578608716,Guinea,GIN
561,30.37,2574.0,0,0.1675034837346579,0.007070925578608716,Guinea,GIN
562,30.37,2574.0,0,0.1675034837346579,0.007070925578608716,Guinea,GIN
563,30.37,2574.0,0,0.1675034837346579,0.007070925578608716,Guinea,GIN
564,30.37,2574.0,0,0.1675034837346579,0.007070925578608716,Guinea,GIN
565,30.37,2574.0,0,0.1675034837346579,0.007070925578608716,Guinea,GIN
566,30.37,2574.0,0,0.1675034837346579,0.007070925578608716,Guinea,GIN
567,30.37,2574.0,0,0.1675034837346579,0.007070925578608716,Guinea,GIN
568,30.37,2113.0,0,0.16741307889401985,0.011193833039160881,Guinea,GIN
569,30.37,2113.0,0,0.16741307889401985,0.011193833039160881,Guinea,GIN
570,30.37,2113.0,0,0.16741307889401985,0.011193833039160881,Guinea,GIN
571,30.37,2113.0,0,0.16741307889401985,0.011193833039160881,Guinea,GIN
572,30.37,2113.0,0,0.16741307889401985,0.011193833039160881,Guinea,GIN
573,30.37,2113.0,0,0.16741307889401985,0.011193833039160881,Guinea,GIN
574,30.37,2113.0,0,0.16741307889401985,0.011193833039160881,Guinea,GIN
575,30.37,2113.0,0,0.16741307889401985,0.011193833039160881,Guinea,GIN
576,18.6,17163.0,3,0.33341016903040666,0.10483456566728745,Guyana,GUY
577,25.3,1916.0,0,0.23549324295220014,0.0185805254728111,Haiti,HTI
578,9.16,5600.0,1,0.44723405727740484,0.044860413013738894,Honduras,HND
579,1.99,35941.0,2,0.6161823364261858,0.03095559346315729,Hungary,HUN
580,1.0,56974.0,2,0.7218149997160412,0.03257496929200657,Iceland,ISL
581,21.66,9027.0,3,0.28701703642144877,0.03917108036848222,India,IND
582,12.41,14841.0,1,0.4206545665723181,0.05852426519811454,Indonesia,IDN
583,8.58,17832.0,1,0.48501462519688576,0.044672351313499364,Iran,IRN
584,15.31,18755.0,3,0.38243214121557245,0.10790343798533406,Iraq,IRQ
585,2.1,86988.0,2,0.8727334964381525,0.006627522769290699,Ireland,IRL
586,1.94,40337.0,2,0.6377290135562426,0.025772794715280583,Israel,ISR
587,1.92,41582.0,2,0.6439006041620327,0.02467231555050181,Italy,ITA
588,9.83,9932.0,1,0.4472182413563063,0.0029393917263573674,Jamaica,JAM
589,0.84,46827.0,2,0.6715054406847261,0.04447327502800276,Japan,JPN
590,9.19,9939.0,1,0.45499397495429483,0.008964404820137446,Jordan,JOR
591,4.66,30178.0,1,0.5798915454879954,0.019681650696132397,Kazakhstan,KAZ
592,21.04,4078.0,3,0.29336408944323417,0.006165817022060318,Kenya,KEN
593,22.12,2193.0,3,0.27816658376016995,0.02098208951514327,Kiribati,KIR
594,4.52,67891.0,2,0.7742046130975241,0.05712780154644066,Kuwait,KWT
595,12.3,4193.0,3,0.40814386716903917,0.034362171390562135,Kyrgyzstan,KGZ
596,1.85,32987.0,2,0.6024275327690439,0.03933707920658816,Latvia,LVA
597,4.15,15599.0,1,0.5184809681306841,0.045926896290927284,Lebanon,LBN
598,42.81,3655.0,0,0.0,0.010676792049464753,Lesotho,LSO
599,32.42,1428.0,0,0.13970493134089706,0.015555387365013504,Liberia,LBR
600,6.47,9446.0,1,0.48232782592597057,0.04550589911355303,Libya,LBY
601,2.04,38751.0,2,0.6297446690769307,0.025561815893540146,Lithuania,LTU
602,1.46,112045.0,2,1.0,0.0030395889148119148,Luxembourg,LUX
603,20.12,1776.0,3,0.30464862438422713,0.02857044979676858,Madagascar,MDG
604,19.79,1292.0,3,0.3088054320876389,0.03359757744216068,Malawi,MWI
605,4.61,34567.0,1,0.6025280451116278,0.027835427513907884,Malaysia,MYS
606,4.93,24796.0,1,0.5518724546313851,0.010210235633544309,Maldives,MDV
607,32.13,2569.0,0,0.14380609783870774,0.005585080516999656,Mali,MLI
608,4.69,49589.0,2,0.6800397877416209,0.04920424932142184,Malta,MLT
609,32.02,5158.0,0,0.14574438819219693,0.01748209904487195,Mauritania,MRT
610,10.19,26461.0,1,0.5113072694703564,0.1273602960723378,Mauritius,MUS
611,8.57,21363.0,1,0.5017942823742928,0.06819254987769095,Mexico,MEX
612,15.86,3657.0,3,0.3619862347320792,0.02339593972872838,Micronesia,FSM
613,8.14,15089.0,1,0.48089915239578573,0.01870087632915646,Mongolia,MNG
614,1.3,21977.0,1,0.5563789453382849,0.07934636442930221,Montenegro,MNE
615,13.62,9667.0,3,0.39703280015097775,0.020355889930268968,Morocco,MAR
616,28.55,1372.0,0,0.19172825095512316,0.019604456137245183,Mozambique,MOZ
617,22.45,7220.0,3,0.2755958427604237,0.024464366717845874,Myanmar,MMR
618,19.13,11451.0,3,0.3227564848265388,0.05536418384207394,Namibia,NAM
619,19.78,3550.0,3,0.3099898921879886,0.013497303140969552,Nepal,NPL
620,2.59,60299.0,2,0.7370784213367534,0.007249829711464867,Netherlands,NLD
621,2.63,42045.0,2,0.6449095008378245,0.007372269019012681,New Zealand,NZL
622,10.22,5297.0,1,0.43473030493500303,0.03854749235415944,Nicaragua,NIC
623,24.26,1152.0,0,0.24919912236258787,0.02685649611947357,Niger,NER
624,35.85,6172.0,0,0.09420059688464945,0.029380750669747765,Nigeria,NGA
625,1.4,79638.0,2,0.8358217359379764,0.012310569405306122,Norway,NOR
626,5.25,48593.0,2,0.6740815937835908,0.061539020067720884,Oman,OMN
627,41.22,6016.0,0,0.021689269302792163,0.031047623991407983,Pakistan,PAK
628,8.57,28456.0,1,0.5494275765574315,0.10273691222888316,Panama,PAN
629,21.94,4081.0,3,0.28129008715249415,0.004451398680716705,Papua New Guinea,PNG
630,10.86,13213.0,1,0.44000486134400574,0.033317729992307005,Paraguay,PRY
631,6.36,15399.0,1,0.5007952139469196,0.00672055622644106,Peru,PER
632,13.29,10094.0,3,0.40198588828400184,0.02241829452298104,Philippines,PHL
633,2.71,35651.0,2,0.6130421525282072,0.014586865764515636,Poland,POL
634,1.97,34936.0,2,0.611392951472907,0.0330801716604619,Portugal,PRT
636,1.54,46452.0,2,0.6686395404011571,0.028283803465017535,South Korea,KOR
637,10.66,8161.0,1,0.43384056270553795,0.010909073113538623,Moldova,MDA
638,3.45,29555.0,1,0.5812240116279389,0.009549767589064425,Romania,ROU
639,2.63,30820.0,1,0.5899558590372257,0.02557598614950247,Russia,RUS
640,2.63,30820.0,1,0.5899558590372257,0.02557598614950247,Russia,RUS
641,15.87,2642.0,3,0.3611282645486412,0.03235076476476766,Rwanda,RWA
642,12.74,15159.0,1,0.416297517548661,0.0633489901935961,Saint Lucia,LCA
643,9.1,12983.0,1,0.46299715127909624,0.014531198127583793,Saint Vincent and the Grenadines,VCT
644,8.22,6493.0,1,0.45889158056096757,0.046740554505820285,Samoa,WSM
646,3.67,56912.0,2,0.7188168969804047,0.030732701711190823,Saudi Arabia,SAU
647,21.96,4079.0,3,0.2810208161806785,0.004433350479045649,Senegal,SEN
648,3.22,19767.0,1,0.5390972559447507,0.04557746150912225,Serbia,SRB
649,8.61,33118.0,1,0.5798882359590134,0.11727633866507178,Seychelles,SYC
650,31.18,1765.0,0,0.1564486194778116,0.013580349167855332,Sierra Leone,SLE
651,0.91,105689.0,2,0.9679379260851086,0.017281270355222672,Singapore,SGP
652,2.91,38321.0,2,0.6257733325992338,0.005743368696639685,Slovakia,SVK
653,1.16,40344.0,2,0.6392387176038634,0.0441281962627856,Slovenia,SVN
654,8.23,2363.0,1,0.4515307262555086,0.0801738764507823,Solomon Islands,SLB
655,36.86,314.5,0,0.07978862017153872,0.022380911838215143,Somalia,SOM
656,11.45,13965.0,1,0.4330877305201055,0.04431867910238638,South Africa,ZAF
657,38.6,1715.0,0,0.056535238731424936,0.008821365458894207,South Sudan,SSD
658,1.8,43007.0,2,0.6511522543835881,0.02581097537471601,Spain,ESP
659,4.27,14509.0,1,0.514086782495776,0.049475785748867185,Sri Lanka,LKA
660,27.22,3986.0,0,0.21022909821787303,0.0023062578969568833,Sudan,SDN
661,11.22,16044.0,1,0.44049750682892774,0.06005326325866877,Suriname,SUR
662,1.38,55989.0,2,0.716493278664483,0.02422240032226089,Sweden,SWE
663,2.77,67558.0,2,0.7737673173388652,0.015391387131627724,Switzerland,CHE
665,14.98,3751.0,3,0.3735408902147027,0.025774697346752463,Tajikistan,TJK
666,5.31,21361.0,1,0.5334566867289657,0.005041795173229467,Thailand,THA
667,24.81,1913.0,0,0.2420628969040862,0.01927547293065872,Togo,TGO
668,7.42,6867.0,1,0.4676467701147995,0.052679170469489785,Tonga,TON
669,11.53,33713.0,1,0.5671563282564429,0.1853065036002378,Trinidad and Tobago,TTO
670,11.93,13093.0,1,0.4248060245927647,0.04031473062453257,Tunisia,TUN
671,5.28,29327.0,1,0.5730420064148712,0.031697189148728315,Turkey,TUR
672,23.62,21855.0,3,0.2648012512659692,0.15707747740990607,Turkmenistan,TKM
673,19.98,2753.0,3,0.30695343250213447,0.020162261634334395,Uganda,UGA
674,5.01,10130.0,1,0.49604322773589543,0.06293032054621818,Ukraine,UKR
675,3.98,70441.0,2,0.7876053371871335,0.04546045447608684,United Arab Emirates,ARE
676,2.77,48169.0,2,0.6754725887518557,0.00246103739745428,United Kingdom,GBR
677,20.29,3652.0,3,0.30322281577186144,0.011486867970140646,Tanzania,TZA
678,3.7,67426.0,2,0.7724237863422627,0.0374239235632476,United States,USA
679,4.21,24516.0,1,0.5542351471902959,0.00659913666849142,Uruguay,URY
680,9.92,9595.0,1,0.4454724690135697,0.004931414228168075,Uzbekistan,UZB
681,11.39,3039.0,1,0.41787285784955985,0.049748826677588405,Vanuatu,VUT
682,14.59,16055.0,3,0.3902651694859527,0.08098809456316645,Venezuela,VEN
683,10.46,8677.0,1,0.4371658274622354,0.008099165375135484,Vietnam,VNM
684,26.65,2312.0,0,0.21747721666534509,0.013329545282613299,Yemen,YEM
685,23.28,4174.0,3,0.2633184531769951,0.00135523920417065,Zambia,ZMB
686,25.86,2778.0,0,0.22821480091261684,0.01014470481099544,Zimbabwe,ZWE
689,28.06,12851.0,0,0.20098656606840712,0.08250558743653381,Dominica,DMA
690,15.31,3972.0,3,0.3694159492760716,0.022574520298209007,Marshall Islands,MHL
692,19.94,9073.0,3,0.31045731805138804,0.036073709532326234,Nauru,NRU
694,9.36,16855.0,1,0.4704677332191483,0.04780757824798343,Palau,PLW
695,10.28,31950.0,1,0.5620858259985012,0.15204695928543985,Saint Kitts and Nevis,KNA
696,0.78,62913.0,2,0.7518156268781375,0.0342399915367466,San Marino,SMR
697,16.03,4535.0,3,0.36038275840706013,0.015037558570310543,Tuvalu,TUV
